{"cameraMode":{"drawMode":0,"name":"Shaded","section":"Shading Mode"},"sceneLighting":false,"audioPlay":false,"sceneViewState":{"showFog":true,"showMaterialUpdate":false,"showSkybox":true,"showFlares":true,"showImageEffects":true,"showParticleSystems":true},"in2DMode":false,"pivot":{"x":-126.76534271240235,"y":22.020036697387697,"z":244.46652221679688},"rotation":{"x":0.35747289657592776,"y":0.05848309397697449,"z":-0.02243603765964508,"w":0.9318205118179321},"size":4.851041793823242,"orthographic":false}