{"cameraMode":{"drawMode":0,"name":"Shaded","section":"Shading Mode"},"sceneLighting":false,"audioPlay":false,"sceneViewState":{"showFog":true,"showMaterialUpdate":false,"showSkybox":true,"showFlares":true,"showImageEffects":true,"showParticleSystems":true},"in2DMode":false,"pivot":{"x":-123.78238677978516,"y":21.137535095214845,"z":244.36834716796876},"rotation":{"x":-0.17117659747600556,"y":0.4080045819282532,"z":-0.07817665487527847,"w":-0.8933752775192261},"size":1.2134366035461426,"orthographic":false}