{"cameraMode":{"drawMode":0,"name":"Shaded","section":"Shading Mode"},"sceneLighting":false,"audioPlay":false,"sceneViewState":{"showFog":true,"showMaterialUpdate":false,"showSkybox":true,"showFlares":true,"showImageEffects":true,"showParticleSystems":true},"in2DMode":false,"pivot":{"x":-111.81581115722656,"y":21.501380920410158,"z":94.43526458740235},"rotation":{"x":-0.21804992854595185,"y":-0.7804437875747681,"z":0.3860001862049103,"w":-0.44086921215057375},"size":4.122697353363037,"orthographic":false}