{"cameraMode":{"drawMode":0,"name":"Shaded","section":"Shading Mode"},"sceneLighting":true,"audioPlay":false,"sceneViewState":{"showFog":true,"showMaterialUpdate":false,"showSkybox":true,"showFlares":true,"showImageEffects":true,"showParticleSystems":true},"in2DMode":false,"pivot":{"x":80.8125991821289,"y":-71.9023666381836,"z":-120.79363250732422},"rotation":{"x":0.05207730457186699,"y":0.9397323131561279,"z":-0.2941175103187561,"w":0.16639116406440736},"size":193.26007080078126,"orthographic":false}