{"cameraMode":{"drawMode":0,"name":"Shaded","section":"Shading Mode"},"sceneLighting":false,"audioPlay":false,"sceneViewState":{"showFog":false,"showMaterialUpdate":false,"showSkybox":false,"showFlares":false,"showImageEffects":false,"showParticleSystems":true},"in2DMode":false,"pivot":{"x":0.022152364253997804,"y":0.0024864673614501955,"z":-1.3989779949188233},"rotation":{"x":0.004409256391227245,"y":-0.9731841087341309,"z":0.2292226105928421,"w":0.018717240542173387},"size":4.781088352203369,"orthographic":false}