{"cameraMode":{"drawMode":0,"name":"Shaded","section":"Shading Mode"},"sceneLighting":false,"audioPlay":false,"sceneViewState":{"showFog":false,"showMaterialUpdate":false,"showSkybox":false,"showFlares":false,"showImageEffects":false,"showParticleSystems":true},"in2DMode":false,"pivot":{"x":1.1589431762695313,"y":2.6404151916503908,"z":1.2429139614105225},"rotation":{"x":0.014684357680380345,"y":0.7247660160064697,"z":-0.015455517917871476,"w":0.6886652112007141},"size":4.764327049255371,"orthographic":false}