{"cameraMode":{"drawMode":0,"name":"Shaded","section":"Shading Mode"},"sceneLighting":false,"audioPlay":false,"sceneViewState":{"showFog":false,"showMaterialUpdate":false,"showSkybox":false,"showFlares":false,"showImageEffects":false,"showParticleSystems":true},"in2DMode":false,"pivot":{"x":11.691740989685059,"y":-2.3767099380493166,"z":-4.224822044372559},"rotation":{"x":0.05468626320362091,"y":0.8575681447982788,"z":-0.0932585820555687,"w":0.502880871295929},"size":15.819993019104004,"orthographic":false}