{"cameraMode":{"drawMode":0,"name":"Shaded","section":"Shading Mode"},"sceneLighting":false,"audioPlay":false,"sceneViewState":{"showFog":false,"showMaterialUpdate":false,"showSkybox":false,"showFlares":false,"showImageEffects":false,"showParticleSystems":true},"in2DMode":false,"pivot":{"x":15.666455268859864,"y":2.69406795501709,"z":2.2476775646209719},"rotation":{"x":0.009784623049199582,"y":-0.7694156765937805,"z":0.011787270195782185,"w":0.6385647058486939},"size":5.774658203125,"orthographic":false}