{"cameraMode":{"drawMode":0,"name":"Shaded","section":"Shading Mode"},"sceneLighting":false,"audioPlay":false,"sceneViewState":{"showFog":false,"showMaterialUpdate":false,"showSkybox":false,"showFlares":false,"showImageEffects":false,"showParticleSystems":true},"in2DMode":false,"pivot":{"x":-120.1269302368164,"y":22.94987678527832,"z":244.20396423339845},"rotation":{"x":-0.004585833754390478,"y":-0.9906589388847351,"z":0.13185781240463258,"w":-0.03445882722735405},"size":1.7211909294128419,"orthographic":false}