{"cameraMode":{"drawMode":0,"name":"Shaded","section":"Shading Mode"},"sceneLighting":false,"audioPlay":false,"sceneViewState":{"showFog":false,"showMaterialUpdate":false,"showSkybox":false,"showFlares":false,"showImageEffects":false,"showParticleSystems":true},"in2DMode":false,"pivot":{"x":13.846878051757813,"y":2.0990846157073976,"z":-0.3937249779701233},"rotation":{"x":0.06600618362426758,"y":0.08911655843257904,"z":-0.005920459516346455,"w":0.9938141107559204},"size":20.80846405029297,"orthographic":false}