{"cameraMode":{"drawMode":0,"name":"Shaded","section":"Shading Mode"},"sceneLighting":false,"audioPlay":false,"sceneViewState":{"showFog":false,"showMaterialUpdate":false,"showSkybox":false,"showFlares":false,"showImageEffects":false,"showParticleSystems":true},"in2DMode":false,"pivot":{"x":-107.49435424804688,"y":22.46642303466797,"z":96.65589141845703},"rotation":{"x":0.000017534159269416705,"y":0.9995592832565308,"z":0.029680920764803888,"w":-0.0006398797850124538},"size":12.5463228225708,"orthographic":false}