{"cameraMode":{"drawMode":0,"name":"Shaded","section":"Shading Mode"},"sceneLighting":true,"audioPlay":false,"sceneViewState":{"showFog":false,"showMaterialUpdate":false,"showSkybox":false,"showFlares":false,"showImageEffects":false,"showParticleSystems":true},"in2DMode":false,"pivot":{"x":-147.45816040039063,"y":38.537742614746097,"z":385.0968322753906},"rotation":{"x":-0.3149641454219818,"y":-0.6162272095680237,"z":0.2945059835910797,"w":-0.6590355634689331},"size":4.991089820861816,"orthographic":false}