{"cameraMode":{"drawMode":0,"name":"Shaded","section":"Shading Mode"},"sceneLighting":false,"audioPlay":false,"sceneViewState":{"showFog":false,"showMaterialUpdate":false,"showSkybox":false,"showFlares":false,"showImageEffects":false,"showParticleSystems":true},"in2DMode":false,"pivot":{"x":-123.78238677978516,"y":21.137535095214845,"z":244.36834716796876},"rotation":{"x":0.0781223475933075,"y":-0.916740894317627,"z":0.22174185514450074,"w":0.3229762315750122},"size":1.2134366035461426,"orthographic":false}