{"cameraMode":{"drawMode":0,"name":"Shaded","section":"Shading Mode"},"sceneLighting":false,"audioPlay":false,"sceneViewState":{"showFog":false,"showMaterialUpdate":false,"showSkybox":false,"showFlares":false,"showImageEffects":false,"showParticleSystems":true},"in2DMode":false,"pivot":{"x":0.968578040599823,"y":0.49952220916748049,"z":0.5815346240997315},"rotation":{"x":0.015888333320617677,"y":0.9836317896842957,"z":-0.14144805073738099,"w":0.11049286276102066},"size":4.044793128967285,"orthographic":false}