{"cameraMode":{"drawMode":0,"name":"Shaded","section":"Shading Mode"},"sceneLighting":false,"audioPlay":false,"sceneViewState":{"showFog":false,"showMaterialUpdate":false,"showSkybox":false,"showFlares":false,"showImageEffects":false,"showParticleSystems":true},"in2DMode":false,"pivot":{"x":0.36725443601608279,"y":1.2560663223266602,"z":1.1454808712005616},"rotation":{"x":-0.0021320318337529899,"y":0.9925498366355896,"z":0.01754840463399887,"w":0.12055044621229172},"size":2.3904895782470705,"orthographic":false}